{"50": {"gravity": 9.0894075567936, "masscart": 1.0, "masspole": 0.1, "length": 0.3042310646012, "force_mag": 10.0, "tau": 0.02, "initial_state_lower": -0.1, "initial_state_upper": 0.1}, "51": {"gravity": 7.8584180048511, "masscart": 1.0, "masspole": 0.1, "length": 0.3098076419838, "force_mag": 10.0, "tau": 0.02, "initial_state_lower": -0.1, "initial_state_upper": 0.1}, "52": {"gravity": 7.6805543606926, "masscart": 1.0, "masspole": 0.1, "length": 0.3068482973858, "force_mag": 10.0, "tau": 0.02, "initial_state_lower": -0.1, "initial_state_upper": 0.1}, "53": {"gravity": 8.6539443072487, "masscart": 1.0, "masspole": 0.1, "length": 0.3048093190148, "force_mag": 10.0, "tau": 0.02, "initial_state_lower": -0.1, "initial_state_upper": 0.1}, "54": {"gravity": 9.1584069093567, "masscart": 1.0, "masspole": 0.1, "length": 0.3039211751819, "force_mag": 10.0, "tau": 0.02, "initial_state_lower": -0.1, "initial_state_upper": 0.1}, "55": {"gravity": 8.0295340484526, "masscart": 1.0, "masspole": 0.1, "length": 0.3073799540573, "force_mag": 10.0, "tau": 0.02, "initial_state_lower": -0.1, "initial_state_upper": 0.1}, "56": {"gravity": 9.1871491221521, "masscart": 1.0, "masspole": 0.1, "length": 0.3018249173045, "force_mag": 10.0, "tau": 0.02, "initial_state_lower": -0.1, "initial_state_upper": 0.1}, "57": {"gravity": 8.3157167340389, "masscart": 1.0, "masspole": 0.1, "length": 0.3017545175615, "force_mag": 10.0, "tau": 0.02, "initial_state_lower": -0.1, "initial_state_upper": 0.1}, "58": {"gravity": 7.1790336898287, "masscart": 1.0, "masspole": 0.1, "length": 0.3053155137384, "force_mag": 10.0, "tau": 0.02, "initial_state_lower": -0.1, "initial_state_upper": 0.1}, "59": {"gravity": 8.1941327659913, "masscart": 1.0, "masspole": 0.1, "length": 0.305318275871, "force_mag": 10.0, "tau": 0.02, "initial_state_lower": -0.1, "initial_state_upper": 0.1}, "60": {"gravity": 8.903202875654, "masscart": 1.0, "masspole": 0.1, "length": 0.3032295891385, "force_mag": 10.0, "tau": 0.02, "initial_state_lower": -0.1, "initial_state_upper": 0.1}, "61": {"gravity": 9.5482953822334, "masscart": 1.0, "masspole": 0.1, "length": 0.3036178865562, "force_mag": 10.0, "tau": 0.02, "initial_state_lower": -0.1, "initial_state_upper": 0.1}, "62": {"gravity": 9.1733659745819, "masscart": 1.0, "masspole": 0.1, "length": 0.3022826323088, "force_mag": 10.0, "tau": 0.02, "initial_state_lower": -0.1, "initial_state_upper": 0.1}, "63": {"gravity": 8.8330705320328, "masscart": 1.0, "masspole": 0.1, "length": 0.3029371404639, "force_mag": 10.0, "tau": 0.02, "initial_state_lower": -0.1, "initial_state_upper": 0.1}, "64": {"gravity": 9.1673301477107, "masscart": 1.0, "masspole": 0.1, "length": 0.3063097612385, "force_mag": 10.0, "tau": 0.02, "initial_state_lower": -0.1, "initial_state_upper": 0.1}, "65": {"gravity": 7.2763148198352, "masscart": 1.0, "masspole": 0.1, "length": 0.3031226122297, "force_mag": 10.0, "tau": 0.02, "initial_state_lower": -0.1, "initial_state_upper": 0.1}, "66": {"gravity": 8.3011035180386, "masscart": 1.0, "masspole": 0.1, "length": 0.3042635130696, "force_mag": 10.0, "tau": 0.02, "initial_state_lower": -0.1, "initial_state_upper": 0.1}, "67": {"gravity": 8.2925882899889, "masscart": 1.0, "masspole": 0.1, "length": 0.3089338916312, "force_mag": 10.0, "tau": 0.02, "initial_state_lower": -0.1, "initial_state_upper": 0.1}, "68": {"gravity": 8.4810552929509, "masscart": 1.0, "masspole": 0.1, "length": 0.309441600182, "force_mag": 10.0, "tau": 0.02, "initial_state_lower": -0.1, "initial_state_upper": 0.1}, "69": {"gravity": 8.2774908708875, "masscart": 1.0, "masspole": 0.1, "length": 0.3050183667588, "force_mag": 10.0, "tau": 0.02, "initial_state_lower": -0.1, "initial_state_upper": 0.1}, "70": {"gravity": 8.8718588553763, "masscart": 1.0, "masspole": 0.1, "length": 0.302504553654, "force_mag": 10.0, "tau": 0.02, "initial_state_lower": -0.1, "initial_state_upper": 0.1}, "71": {"gravity": 7.3468551852379, "masscart": 1.0, "masspole": 0.1, "length": 0.3048303426426, "force_mag": 10.0, "tau": 0.02, "initial_state_lower": -0.1, "initial_state_upper": 0.1}, "72": {"gravity": 7.951856445461, "masscart": 1.0, "masspole": 0.1, "length": 0.3098555978561, "force_mag": 10.0, "tau": 0.02, "initial_state_lower": -0.1, "initial_state_upper": 0.1}, "73": {"gravity": 8.2444786358609, "masscart": 1.0, "masspole": 0.1, "length": 0.3051948511926, "force_mag": 10.0, "tau": 0.02, "initial_state_lower": -0.1, "initial_state_upper": 0.1}, "74": {"gravity": 9.5989274736501, "masscart": 1.0, "masspole": 0.1, "length": 0.3061289452576, "force_mag": 10.0, "tau": 0.02, "initial_state_lower": -0.1, "initial_state_upper": 0.1}, "75": {"gravity": 7.361885997971, "masscart": 1.0, "masspole": 0.1, "length": 0.3030412078903, "force_mag": 10.0, "tau": 0.02, "initial_state_lower": -0.1, "initial_state_upper": 0.1}, "76": {"gravity": 9.4790224015205, "masscart": 1.0, "masspole": 0.1, "length": 0.3041702221102, "force_mag": 10.0, "tau": 0.02, "initial_state_lower": -0.1, "initial_state_upper": 0.1}, "77": {"gravity": 8.8091803852328, "masscart": 1.0, "masspole": 0.1, "length": 0.3068130076579, "force_mag": 10.0, "tau": 0.02, "initial_state_lower": -0.1, "initial_state_upper": 0.1}, "78": {"gravity": 8.6352040193994, "masscart": 1.0, "masspole": 0.1, "length": 0.308754568418, "force_mag": 10.0, "tau": 0.02, "initial_state_lower": -0.1, "initial_state_upper": 0.1}, "79": {"gravity": 8.0282915013229, "masscart": 1.0, "masspole": 0.1, "length": 0.3051042233748, "force_mag": 10.0, "tau": 0.02, "initial_state_lower": -0.1, "initial_state_upper": 0.1}, "80": {"gravity": 9.0079413488868, "masscart": 1.0, "masspole": 0.1, "length": 0.3008319498833, "force_mag": 10.0, "tau": 0.02, "initial_state_lower": -0.1, "initial_state_upper": 0.1}, "81": {"gravity": 8.7578096576866, "masscart": 1.0, "masspole": 0.1, "length": 0.3076368284144, "force_mag": 10.0, "tau": 0.02, "initial_state_lower": -0.1, "initial_state_upper": 0.1}, "82": {"gravity": 8.8747105062868, "masscart": 1.0, "masspole": 0.1, "length": 0.3024366637454, "force_mag": 10.0, "tau": 0.02, "initial_state_lower": -0.1, "initial_state_upper": 0.1}, "83": {"gravity": 9.0240671529635, "masscart": 1.0, "masspole": 0.1, "length": 0.3019422296058, "force_mag": 10.0, "tau": 0.02, "initial_state_lower": -0.1, "initial_state_upper": 0.1}, "84": {"gravity": 9.5270273128608, "masscart": 1.0, "masspole": 0.1, "length": 0.3057245695749, "force_mag": 10.0, "tau": 0.02, "initial_state_lower": -0.1, "initial_state_upper": 0.1}, "85": {"gravity": 7.2871375498372, "masscart": 1.0, "masspole": 0.1, "length": 0.3059443187945, "force_mag": 10.0, "tau": 0.02, "initial_state_lower": -0.1, "initial_state_upper": 0.1}, "86": {"gravity": 9.6559804788254, "masscart": 1.0, "masspole": 0.1, "length": 0.3055678519239, "force_mag": 10.0, "tau": 0.02, "initial_state_lower": -0.1, "initial_state_upper": 0.1}, "87": {"gravity": 8.8817469161538, "masscart": 1.0, "masspole": 0.1, "length": 0.3015895964414, "force_mag": 10.0, "tau": 0.02, "initial_state_lower": -0.1, "initial_state_upper": 0.1}, "88": {"gravity": 9.1702490745699, "masscart": 1.0, "masspole": 0.1, "length": 0.3015307051512, "force_mag": 10.0, "tau": 0.02, "initial_state_lower": -0.1, "initial_state_upper": 0.1}, "89": {"gravity": 7.0483876200851, "masscart": 1.0, "masspole": 0.1, "length": 0.3069552952877, "force_mag": 10.0, "tau": 0.02, "initial_state_lower": -0.1, "initial_state_upper": 0.1}, "90": {"gravity": 7.9562992791456, "masscart": 1.0, "masspole": 0.1, "length": 0.3084166999691, "force_mag": 10.0, "tau": 0.02, "initial_state_lower": -0.1, "initial_state_upper": 0.1}, "91": {"gravity": 9.0759108865955, "masscart": 1.0, "masspole": 0.1, "length": 0.3035739756668, "force_mag": 10.0, "tau": 0.02, "initial_state_lower": -0.1, "initial_state_upper": 0.1}, "92": {"gravity": 8.6631497491533, "masscart": 1.0, "masspole": 0.1, "length": 0.300435914638, "force_mag": 10.0, "tau": 0.02, "initial_state_lower": -0.1, "initial_state_upper": 0.1},