{"5": {"gravity": 8.1236203565421, "masscart": 1.0, "masspole": 0.1, "length": 0.3015599452034, "force_mag": 10.0, "tau": 0.02, "initial_state_lower": -0.1, "initial_state_upper": 0.1}, "6": {"gravity": 9.8521429192297, "masscart": 1.0, "masspole": 0.1, "length": 0.3005808361217, "force_mag": 10.0, "tau": 0.02, "initial_state_lower": -0.1, "initial_state_upper": 0.1}, "7": {"gravity": 9.1959818254342, "masscart": 1.0, "masspole": 0.1, "length": 0.3086617614577, "force_mag": 10.0, "tau": 0.02, "initial_state_lower": -0.1, "initial_state_upper": 0.1}, "8": {"gravity": 8.7959754525911, "masscart": 1.0, "masspole": 0.1, "length": 0.3060111501174, "force_mag": 10.0, "tau": 0.02, "initial_state_lower": -0.1, "initial_state_upper": 0.1}, "9": {"gravity": 7.4680559213273, "masscart": 1.0, "masspole": 0.1, "length": 0.307080725778, "force_mag": 10.0, "tau": 0.02, "initial_state_lower": -0.1, "initial_state_upper": 0.1}, "0": {"gravity": 7.0037454011885, "masscart": 1.0, "masspole": 0.1, "length": 0.3623978081345, "force_mag": 10.0, "tau": 0.02, "initial_state_lower": -0.1, "initial_state_upper": 0.1}, "1": {"gravity": 7.0095071430641, "masscart": 1.0, "masspole": 0.1, "length": 0.3232334448673, "force_mag": 10.0, "tau": 0.02, "initial_state_lower": -0.1, "initial_state_upper": 0.1}, "2": {"gravity": 7.0073199394181, "masscart": 1.0, "masspole": 0.1, "length": 0.64647045831, "force_mag": 10.0, "tau": 0.02, "initial_state_lower": -0.1, "initial_state_upper": 0.1}, "3": {"gravity": 7.005986584842, "masscart": 1.0, "masspole": 0.1, "length": 0.5404460046973, "force_mag": 10.0, "tau": 0.02, "initial_state_lower": -0.1, "initial_state_upper": 0.1}, "4": {"gravity": 7.0015601864044, "masscart": 1.0, "masspole": 0.1, "length": 0.5832290311184, "force_mag": 10.0, "tau": 0.02, "initial_state_lower": -0.1, "initial_state_upper": 0.1}}