,step,seed,eval_episodes,mean_eval_step_reward,mean_eval_reward,instance
0,10000,1,[1. 1. 1. 1. 1. 1. 1. 1. 1. 1.],"[0.81071429 0.84074074 0.43653846 1.26111111 1.51333333 1.03181818
 1.74615385 2.52222222 1.51333333 0.81071429]",22.7,None
1,20000,1,[1. 1. 1. 1. 1. 1. 1. 1. 1. 1.],"[1.07272727 2.36       1.38823529 1.12380952 0.944      1.07272727
 0.69411765 1.24210526 0.48163265 1.38823529]",23.6,None
2,30000,1,[1. 1. 1. 1. 1. 1. 1. 1. 1. 1.],"[1.97777778 0.60338983 1.87368421 1.97777778 1.36923077 0.58360656
 1.1483871  0.77391304 0.91282051 0.91282051]",35.6,None
3,40000,1,[1. 1. 1. 1. 1. 1. 1. 1. 1. 1.],"[1.45714286 1.85454545 1.02       1.13333333 1.2        1.7
 1.36       0.41632653 1.36       0.61818182]",20.4,None
4,50000,1,[1. 1. 1. 1. 1. 1. 1. 1. 1. 1.],"[0.34065041 1.82173913 0.87291667 3.49166667 2.61875    1.26969697
 0.91086957 3.22307692 2.46470588 0.47613636]",41.9,None
