{"0": {"gravity": 7.561810178271, "masscart": 1.0, "masspole": 0.1, "length": 0.3311989040672, "force_mag": 10.0, "tau": 0.02, "initial_state_lower": -0.1, "initial_state_upper": 0.1}, "1": {"gravity": 8.4260714596149, "masscart": 1.0, "masspole": 0.1, "length": 0.3116167224336, "force_mag": 10.0, "tau": 0.02, "initial_state_lower": -0.1, "initial_state_upper": 0.1}, "2": {"gravity": 8.0979909127171, "masscart": 1.0, "masspole": 0.1, "length": 0.473235229155, "force_mag": 10.0, "tau": 0.02, "initial_state_lower": -0.1, "initial_state_upper": 0.1}, "3": {"gravity": 7.8979877262956, "masscart": 1.0, "masspole": 0.1, "length": 0.4202230023486, "force_mag": 10.0, "tau": 0.02, "initial_state_lower": -0.1, "initial_state_upper": 0.1}, "4": {"gravity": 7.561810178271, "masscart": 1.0, "masspole": 0.1, "length": 0.5311989040672, "force_mag": 10.0, "tau": 0.02, "initial_state_lower": -0.1, "initial_state_upper": 0.1}, "5": {"gravity": 8.4260714596149, "masscart": 1.0, "masspole": 0.1, "length": 0.5116167224336, "force_mag": 10.0, "tau": 0.02, "initial_state_lower": -0.1, "initial_state_upper": 0.1}, "6": {"gravity": 8.0979909127171, "masscart": 1.0, "masspole": 0.1, "length": 0.673235229155, "force_mag": 10.0, "tau": 0.02, "initial_state_lower": -0.1, "initial_state_upper": 0.1}, "7": {"gravity": 9.061810178271, "masscart": 1.0, "masspole": 0.1, "length": 0.3311989040672, "force_mag": 10.0, "tau": 0.02, "initial_state_lower": -0.1, "initial_state_upper": 0.1}, "8": {"gravity": 9.9260714596149, "masscart": 1.0, "masspole": 0.1, "length": 0.3116167224336, "force_mag": 10.0, "tau": 0.02, "initial_state_lower": -0.1, "initial_state_upper": 0.1}, "9": {"gravity": 9.5979909127171, "masscart": 1.0, "masspole": 0.1, "length": 0.473235229155, "force_mag": 10.0, "tau": 0.02, "initial_state_lower": -0.1, "initial_state_upper": 0.1}}