,step,seed,eval_episodes,mean_eval_step_reward,mean_eval_reward,instance
0,10000,0,[1. 1. 1. 1. 1. 1. 1. 1. 1. 1.],"[1.59375    1.275      1.59375    0.49038462 1.59375    0.98076923
 0.91071429 1.5        0.72857143 0.87931034]",25.5,None
1,20000,0,[1. 1. 1. 1. 1. 1. 1. 1. 1. 1.],"[1.14       1.62857143 0.46530612 0.87692308 2.07272727 1.03636364
 1.52       0.81428571 0.84444444 1.425     ]",22.8,None
2,30000,0,[1. 1. 1. 1. 1. 1. 1. 1. 1. 1.],"[1.53157895 2.23846154 0.67674419 2.425      0.74615385 1.38571429
 0.66136364 2.07857143 1.81875    0.41571429]",29.1,None
3,40000,0,[1. 1. 1. 1. 1. 1. 1. 1. 1. 1.],"[1.52380952 2.13333333 0.82051282 2.28571429 0.7804878  0.91428571
 1.23076923 1.23076923 0.41558442 1.23076923]",32.0,None
4,50000,0,[1. 1. 1. 1. 1. 1. 1. 1. 1. 1.],"[0.63815789 0.51595745 2.30952381 0.65540541 1.515625   0.76984127
 1.94       1.03191489 1.515625   2.30952381]",48.5,None
