,step,seed,eval_episodes,mean_eval_step_reward,mean_eval_reward,instance
0,10000,4,[1. 1. 1. 1. 1. 1. 1. 1. 1. 1.],"[1.01       0.96190476 1.83636364 0.808      0.91818182 0.72142857
 0.87826087 1.44285714 1.18823529 0.96190476]",20.2,None
1,20000,4,[1. 1. 1. 1. 1. 1. 1. 1. 1. 1.],"[1.98823529 1.46956522 1.20714286 1.98823529 2.25333333 0.6627451
 2.6        0.76818182 2.81666667 0.28644068]",33.8,None
2,30000,4,[1. 1. 1. 1. 1. 1. 1. 1. 1. 1.],"[0.971875   0.7775     0.45735294 1.29583333 1.82941176 1.94375
 1.29583333 0.60980392 2.39230769 1.19615385]",31.1,None
3,40000,4,[1. 1. 1. 1. 1. 1. 1. 1. 1. 1.],"[2.05384615 1.02692308 1.57058824 0.98888889 1.90714286 0.98888889
 0.70263158 0.45254237 0.78529412 2.225     ]",26.7,None
4,50000,4,[1. 1. 1. 1. 1. 1. 1. 1. 1. 1.],"[1.14137931 2.06875    0.59107143 1.43913043 0.50923077 0.76976744
 1.43913043 3.31       0.70425532 1.74210526]",33.1,None
