,step,seed,eval_episodes,mean_eval_step_reward,mean_eval_reward,instance
0,10000,2,[1. 1. 1. 1. 1. 1. 1. 1. 1. 1.],"[1.256      0.95151515 2.85454545 0.92352941 1.36521739 1.01290323
 0.45507246 0.95151515 0.73023256 2.61666667]",31.4,None
1,20000,2,[1. 1. 1. 1. 1. 1. 1. 1. 1. 1.],"[1.41538462 1.53333333 0.47179487 1.02222222 2.04444444 1.53333333
 1.02222222 0.96842105 0.87619048 0.8       ]",18.4,None
2,30000,2,[1. 1. 1. 1. 1. 1. 1. 1. 1. 1.],"[2.26363636 1.46470588 0.996      1.46470588 0.59285714 2.26363636
 0.46111111 1.77857143 1.38333333 0.6225    ]",24.9,None
3,40000,2,[1. 1. 1. 1. 1. 1. 1. 1. 1. 1.],"[1.37333333 0.54210526 1.37333333 1.14444444 1.47142857 2.28888889
 0.64375    0.50243902 2.06       1.47142857]",20.6,None
4,50000,2,[1. 1. 1. 1. 1. 1. 1. 1. 1. 1.],"[0.7        1.11363636 0.79032258 0.79032258 1.63333333 2.45
 0.74242424 1.225      0.81666667 1.36111111]",24.5,None
