,step,seed,eval_episodes,mean_eval_step_reward,mean_eval_reward,instance
0,10000,3,[1. 1. 1. 1. 1. 1. 1. 1. 1. 1.],"[0.82666667 2.25454545 1.55       1.12727273 1.77142857 0.992
 1.37777778 0.44285714 0.52765957 2.75555556]",24.8,None
1,20000,3,[1. 1. 1. 1. 1. 1. 1. 1. 1. 1.],"[0.88421053 0.88421053 1.52727273 0.76363636 1.68       0.88421053
 1.2        0.88421053 0.98823529 0.93333333]",16.8,None
2,30000,3,[1. 1. 1. 1. 1. 1. 1. 1. 1. 1.],"[0.92105263 1.94444444 1.09375    1.25       0.5        1.25
 0.67307692 1.02941176 1.94444444 1.09375   ]",17.5,None
3,40000,3,[1. 1. 1. 1. 1. 1. 1. 1. 1. 1.],"[1.1625     2.06666667 1.28275862 1.77142857 0.64137931 0.88571429
 0.6        1.24       0.55522388 2.86153846]",37.2,None
4,50000,3,[1. 1. 1. 1. 1. 1. 1. 1. 1. 1.],"[2.07058824 1.03529412 0.66415094 0.8        1.46666667 0.95135135
 0.54153846 1.1        2.51428571 1.1       ]",35.2,None
